{"loss":{"0":1.5190890133,"1":1.1132420972,"2":0.9474780038,"3":0.9708169848,"4":0.515775986,"5":0.7494249791,"6":0.5688245595,"7":0.5265163109,"8":0.3572983965,"9":0.4003361762},"accuracy":{"0":0.4499999881,"1":0.5500000119,"2":0.5749999881,"3":0.6750000119,"4":0.6750000119,"5":0.75,"6":0.7749999762,"7":0.75,"8":0.8500000238,"9":0.8500000238},"val_loss":{"0":1.2212431505,"1":1.0055183098,"2":0.8426109105,"3":0.7084424719,"4":0.6006348133,"5":0.5261228122,"6":0.4669464231,"7":0.4232166708,"8":0.379007047,"9":0.3393412493},"val_accuracy":{"0":0.5,"1":0.6875,"2":0.75,"3":0.8125,"4":0.8125,"5":0.8125,"6":0.875,"7":0.875,"8":0.875,"9":0.875}}