{"loss":{"0":0.2221185677,"1":0.2863663472,"2":0.2519769315,"3":0.0953590721,"4":0.1693849075,"5":0.1067768857,"6":0.0498763463,"7":0.0483457921,"8":0.117873685,"9":0.2660274692,"10":0.0599653306,"11":0.0718456097,"12":0.4131652005,"13":0.1767690119,"14":0.0869332077},"accuracy":{"0":0.9499999881,"1":0.875,"2":0.875,"3":0.9750000238,"4":0.9250000119,"5":1.0,"6":1.0,"7":1.0,"8":0.9499999881,"9":0.875,"10":1.0,"11":0.9750000238,"12":0.875,"13":0.8999999762,"14":0.9750000238},"val_loss":{"0":0.3730691429,"1":0.3636371098,"2":0.3599966452,"3":0.3667712521,"4":0.369361782,"5":0.3582184725,"6":0.3454537021,"7":0.342062094,"8":0.3407480856,"9":0.3532375306,"10":0.3619300324,"11":0.3600376201,"12":0.3443263713,"13":0.3221663452,"14":0.2987665364},"val_accuracy":{"0":0.875,"1":0.875,"2":0.9375,"3":0.9375,"4":0.9375,"5":0.9375,"6":0.9375,"7":0.9375,"8":0.9375,"9":0.9375,"10":0.9375,"11":0.9375,"12":0.9375,"13":0.9375,"14":0.9375}}