{"loss":{"0":0.6682442874,"1":0.4071200676,"2":0.3395787776,"3":0.3012985177,"4":0.2529077046,"5":0.1772881374,"6":0.124516842,"7":0.1200477192,"8":0.0879216255,"9":0.0961200125,"10":0.1050045546,"11":0.1090456527,"12":0.2159902612,"13":0.2373920456,"14":0.2115223184,"15":0.1618642369,"16":0.0869505261,"17":0.0651630862,"18":0.0513054463,"19":0.050863679,"20":0.0855305498,"21":0.0258369864,"22":0.0476840513,"23":0.0228467438,"24":0.0299026787,"25":0.120257257,"26":0.0678195588,"27":0.1893801517,"28":0.0800212799,"29":0.0846334449},"accuracy":{"0":0.6999999881,"1":0.8000000119,"2":0.875,"3":0.8249999881,"4":0.9250000119,"5":0.9499999881,"6":0.9499999881,"7":0.9250000119,"8":0.9499999881,"9":0.9750000238,"10":0.9499999881,"11":0.9499999881,"12":0.9499999881,"13":0.8500000238,"14":0.8999999762,"15":0.9750000238,"16":1.0,"17":0.9750000238,"18":1.0,"19":1.0,"20":0.9750000238,"21":1.0,"22":0.9750000238,"23":1.0,"24":1.0,"25":0.9250000119,"26":0.9750000238,"27":0.9250000119,"28":0.9499999881,"29":1.0},"val_loss":{"0":0.6684166789,"1":0.8281653523,"2":1.0043676496,"3":1.136813283,"4":1.2240837812,"5":1.195227325,"6":1.1497181654,"7":1.086368978,"8":1.0283756852,"9":0.9695668817,"10":0.9206254482,"11":0.8453179598,"12":0.7030546069,"13":0.5966809392,"14":0.4280841276,"15":0.2822439596,"16":0.1926608011,"17":0.1459659971,"18":0.1203686893,"19":0.1075166576,"20":0.1076848563,"21":0.1131090689,"22":0.1126471255,"23":0.1116065532,"24":0.1092890827,"25":0.1139192898,"26":0.1317101084,"27":0.1414536797,"28":0.1599255744,"29":0.1782220956},"val_accuracy":{"0":0.6000000238,"1":0.5,"2":0.5,"3":0.5500000119,"4":0.5500000119,"5":0.6000000238,"6":0.6000000238,"7":0.6000000238,"8":0.6499999762,"9":0.6499999762,"10":0.6499999762,"11":0.6499999762,"12":0.6999999881,"13":0.75,"14":0.75,"15":0.8500000238,"16":0.8999999762,"17":0.9499999881,"18":0.9499999881,"19":0.9499999881,"20":0.9499999881,"21":0.9499999881,"22":0.9499999881,"23":0.9499999881,"24":0.9499999881,"25":0.9499999881,"26":0.9499999881,"27":0.9499999881,"28":0.8999999762,"29":0.8999999762}}