{"loss":{"0":0.6000807136,"1":0.3192340154,"2":0.2593823795,"3":0.338133635,"4":0.1670638905,"5":0.3197469013,"6":0.4597567613,"7":0.366608107,"8":0.1484197454,"9":0.2910981863},"accuracy":{"0":0.8000000119,"1":0.9250000119,"2":0.9250000119,"3":0.8500000238,"4":0.9250000119,"5":0.875,"6":0.8249999881,"7":0.9250000119,"8":0.9250000119,"9":0.875},"val_loss":{"0":4.4224253297,"1":1.4163509458,"2":1.5199484676,"3":1.5913769901,"4":5.7023171186,"5":6.9412244558,"6":5.7246943116,"7":1.305196926,"8":1.8163616508,"9":1.1599021703},"val_accuracy":{"0":0.625,"1":0.5625,"2":0.6875,"3":0.625,"4":0.5625,"5":0.5625,"6":0.5625,"7":0.6875,"8":0.75,"9":0.6875}}